Name,Gmail,Password
Nischal,nischalkarki001@gmail.com,pass117
legna,legnaleduop100@gmail.com,pass711
simon,simon@gmail.com,simon123
sugam,sugam1@gmail.com,sugam111
jashmin,jash@gmail.com,j11
nimesh,nimesh@gmail.com,nim12345
